-- phpMyAdmin SQL Dump
-- version 5.2.0
-- https://www.phpmyadmin.net/
--
-- Host: 127.0.0.1
-- Waktu pembuatan: 02 Feb 2023 pada 01.28
-- Versi server: 10.4.25-MariaDB
-- Versi PHP: 8.1.10

SET SQL_MODE = "NO_AUTO_VALUE_ON_ZERO";
START TRANSACTION;
SET time_zone = "+00:00";


/*!40101 SET @OLD_CHARACTER_SET_CLIENT=@@CHARACTER_SET_CLIENT */;
/*!40101 SET @OLD_CHARACTER_SET_RESULTS=@@CHARACTER_SET_RESULTS */;
/*!40101 SET @OLD_COLLATION_CONNECTION=@@COLLATION_CONNECTION */;
/*!40101 SET NAMES utf8mb4 */;

--
-- Database: `ukk_spp`
--

DELIMITER $$
--
-- Prosedur
--
CREATE DEFINER=`root`@`localhost` PROCEDURE `cekLoginPetugas` (`uname` VARCHAR(100), `pass` VARCHAR(100))   BEGIN
	SELECT * FROM petugas
	    WHERE username = uname AND PASSWORD=pass;
	END$$

CREATE DEFINER=`root`@`localhost` PROCEDURE `cekLoginSiswa` (`nis_` VARCHAR(100), `pass` VARCHAR(100))   BEGIN
	SELECT * 
	    FROM siswa
	    WHERE nis = nis_ and password=pass;
	END$$

CREATE DEFINER=`root`@`localhost` PROCEDURE `levelPetugas` (`uname` VARCHAR(100), `pass` VARCHAR(100))   BEGIN
	SELECT * 
	    FROM petugas
	    WHERE username = uname and password=pass;
	END$$

CREATE DEFINER=`root`@`localhost` PROCEDURE `tampilData` (IN `tabel` VARCHAR(50), IN `kolom` VARCHAR(50))   BEGIN
	DECLARE tab varchar(50);
	SET tab= tabel;
	SELECT * FROM tab order by kolom desc;
END$$

--
-- Fungsi
--
CREATE DEFINER=`root`@`localhost` FUNCTION `PembayaranPetugas` (`uIdPetugas` INT) RETURNS INT(11)  BEGIN
	RETURN (SELECT COUNT(*)
            FROM pembayaran 
            WHERE id_petugas = uIdPetugas);
END$$

DELIMITER ;

-- --------------------------------------------------------

--
-- Struktur dari tabel `kelas`
--

CREATE TABLE `kelas` (
  `id_kelas` int(11) NOT NULL,
  `nama_kelas` varchar(10) NOT NULL,
  `kompetensi_keahlian` varchar(50) NOT NULL
) ENGINE=InnoDB DEFAULT CHARSET=latin1;

--
-- Dumping data untuk tabel `kelas`
--

INSERT INTO `kelas` (`id_kelas`, `nama_kelas`, `kompetensi_keahlian`) VALUES
(6, '10 RPL', 'Rekayasa Perangkat Lunak'),
(8, '12 TKJ', 'Teknik komputer jaringan'),
(9, '12 RPL ', 'Rekaya Perangkat Lunak');

-- --------------------------------------------------------

--
-- Struktur dari tabel `pembayaran`
--

CREATE TABLE `pembayaran` (
  `id_pembayaran` int(11) NOT NULL,
  `id_petugas` int(11) NOT NULL,
  `nisn` varchar(15) NOT NULL,
  `tgl_bayar` date NOT NULL,
  `bulan_dibayar` varchar(10) NOT NULL,
  `tahun_dibayar` int(11) NOT NULL,
  `id_spp` int(11) NOT NULL,
  `jumlah_bayar` int(11) NOT NULL
) ENGINE=InnoDB DEFAULT CHARSET=latin1;

--
-- Dumping data untuk tabel `pembayaran`
--

INSERT INTO `pembayaran` (`id_pembayaran`, `id_petugas`, `nisn`, `tgl_bayar`, `bulan_dibayar`, `tahun_dibayar`, `id_spp`, `jumlah_bayar`) VALUES
(19, 5, '0053503214', '2023-01-28', 'Januari', 2021, 17, 100000),
(20, 6, '1111', '2023-01-28', 'Januari', 2021, 17, 120000),
(21, 5, '1111', '2023-01-31', 'Februari', 2021, 17, 100000),
(23, 5, '1234567891', '2023-01-31', 'Januari', 2021, 17, 100000);

--
-- Trigger `pembayaran`
--
DELIMITER $$
CREATE TRIGGER `update_total_spp` AFTER INSERT ON `pembayaran` FOR EACH ROW BEGIN
UPDATE spp SET nominal= nominal+ NEW.jumlah_bayar WHERE id_spp= NEW.id_spp;
END
$$
DELIMITER ;

-- --------------------------------------------------------

--
-- Struktur dari tabel `petugas`
--

CREATE TABLE `petugas` (
  `id_petugas` int(11) NOT NULL,
  `username` varchar(25) NOT NULL,
  `password` varchar(100) NOT NULL,
  `nama_petugas` varchar(100) NOT NULL,
  `level` enum('admin','petugas') NOT NULL
) ENGINE=InnoDB DEFAULT CHARSET=latin1;

--
-- Dumping data untuk tabel `petugas`
--

INSERT INTO `petugas` (`id_petugas`, `username`, `password`, `nama_petugas`, `level`) VALUES
(5, 'admin', '21232f297a57a5a743894a0e4a801fc3', 'Super Admin', 'admin'),
(6, 'rika', 'e32994c67f9a773e841f9e97bd26f014', 'Rika fitria', 'petugas');

-- --------------------------------------------------------

--
-- Struktur dari tabel `siswa`
--

CREATE TABLE `siswa` (
  `nisn` varchar(15) NOT NULL,
  `nis` varchar(10) NOT NULL,
  `nama` varchar(255) NOT NULL,
  `id_spp` int(11) NOT NULL,
  `id_kelas` int(11) NOT NULL,
  `password` varchar(255) DEFAULT NULL,
  `alamat` text NOT NULL,
  `no_telp` varchar(13) NOT NULL
) ENGINE=InnoDB DEFAULT CHARSET=latin1;

--
-- Dumping data untuk tabel `siswa`
--

INSERT INTO `siswa` (`nisn`, `nis`, `nama`, `id_spp`, `id_kelas`, `password`, `alamat`, `no_telp`) VALUES
('0053503214', '2010156', 'Hidayat', 17, 9, '1855c11f044cc8944e8cdac9cae5def8', 'Jl. Landak no. 17', '0218081'),
('1111', '1111', 'Wiwi', 17, 8, 'b59c67bf196a4758191e42f76670ceba', 'dirumah', '0880808'),
('1234567891', '192001', 'Abdul rahman', 17, 6, '82027888c5bb8fc395411cb6804a066c', 'jl. mandau jaya', '0822233232');

--
-- Trigger `siswa`
--
DELIMITER $$
CREATE TRIGGER `create_pass` BEFORE INSERT ON `siswa` FOR EACH ROW BEGIN
	IF NEW.password IS NULL THEN
    	SET NEW.password := MD5(NEW.nisn);
	END IF;
END
$$
DELIMITER ;

-- --------------------------------------------------------

--
-- Struktur dari tabel `spp`
--

CREATE TABLE `spp` (
  `id_spp` int(11) NOT NULL,
  `tahun` int(11) NOT NULL,
  `nominal` int(11) NOT NULL
) ENGINE=InnoDB DEFAULT CHARSET=latin1;

--
-- Dumping data untuk tabel `spp`
--

INSERT INTO `spp` (`id_spp`, `tahun`, `nominal`) VALUES
(17, 2021, 1120012);

--
-- Indexes for dumped tables
--

--
-- Indeks untuk tabel `kelas`
--
ALTER TABLE `kelas`
  ADD PRIMARY KEY (`id_kelas`);

--
-- Indeks untuk tabel `pembayaran`
--
ALTER TABLE `pembayaran`
  ADD PRIMARY KEY (`id_pembayaran`),
  ADD KEY `id_petugas` (`id_petugas`),
  ADD KEY `id_spp` (`id_spp`),
  ADD KEY `nisn` (`nisn`);

--
-- Indeks untuk tabel `petugas`
--
ALTER TABLE `petugas`
  ADD PRIMARY KEY (`id_petugas`);

--
-- Indeks untuk tabel `siswa`
--
ALTER TABLE `siswa`
  ADD PRIMARY KEY (`nisn`),
  ADD KEY `id_kelas` (`id_kelas`),
  ADD KEY `id_spp` (`id_spp`);

--
-- Indeks untuk tabel `spp`
--
ALTER TABLE `spp`
  ADD PRIMARY KEY (`id_spp`);

--
-- AUTO_INCREMENT untuk tabel yang dibuang
--

--
-- AUTO_INCREMENT untuk tabel `kelas`
--
ALTER TABLE `kelas`
  MODIFY `id_kelas` int(11) NOT NULL AUTO_INCREMENT, AUTO_INCREMENT=10;

--
-- AUTO_INCREMENT untuk tabel `pembayaran`
--
ALTER TABLE `pembayaran`
  MODIFY `id_pembayaran` int(11) NOT NULL AUTO_INCREMENT, AUTO_INCREMENT=24;

--
-- AUTO_INCREMENT untuk tabel `petugas`
--
ALTER TABLE `petugas`
  MODIFY `id_petugas` int(11) NOT NULL AUTO_INCREMENT, AUTO_INCREMENT=9;

--
-- AUTO_INCREMENT untuk tabel `spp`
--
ALTER TABLE `spp`
  MODIFY `id_spp` int(11) NOT NULL AUTO_INCREMENT, AUTO_INCREMENT=18;

--
-- Ketidakleluasaan untuk tabel pelimpahan (Dumped Tables)
--

--
-- Ketidakleluasaan untuk tabel `pembayaran`
--
ALTER TABLE `pembayaran`
  ADD CONSTRAINT `pembayaran_ibfk_1` FOREIGN KEY (`id_petugas`) REFERENCES `petugas` (`id_petugas`) ON DELETE CASCADE ON UPDATE CASCADE,
  ADD CONSTRAINT `pembayaran_ibfk_2` FOREIGN KEY (`id_spp`) REFERENCES `spp` (`id_spp`) ON DELETE CASCADE ON UPDATE CASCADE,
  ADD CONSTRAINT `pembayaran_ibfk_3` FOREIGN KEY (`nisn`) REFERENCES `siswa` (`nisn`) ON DELETE CASCADE ON UPDATE CASCADE;

--
-- Ketidakleluasaan untuk tabel `siswa`
--
ALTER TABLE `siswa`
  ADD CONSTRAINT `siswa_ibfk_1` FOREIGN KEY (`id_spp`) REFERENCES `spp` (`id_spp`) ON DELETE CASCADE ON UPDATE CASCADE,
  ADD CONSTRAINT `siswa_ibfk_2` FOREIGN KEY (`id_kelas`) REFERENCES `kelas` (`id_kelas`) ON DELETE CASCADE ON UPDATE CASCADE;
COMMIT;

/*!40101 SET CHARACTER_SET_CLIENT=@OLD_CHARACTER_SET_CLIENT */;
/*!40101 SET CHARACTER_SET_RESULTS=@OLD_CHARACTER_SET_RESULTS */;
/*!40101 SET COLLATION_CONNECTION=@OLD_COLLATION_CONNECTION */;
